RocksDB Flurry,,,,,,,,,,,,,,,,,,,,,,,,,,,,,,,,,,,,,,,,,,,,
,4GB,8GB,16GB,32GB,64GB,128GB,256GB,,,,,,,,,,,,,,,,,,,,,,,,,,,,,,,,,,,,,
Rocks Flurry S,159.621,173.225,188.311,185.342,188.489,177.788,180.631,,,,,,,,,,,,,,,,,,,,,,,,,,,,,,,,,,,,,
Rocks Flurry P,139.176,139.266,135.56,127.374,101.171,58.049,62.429,,,,,,,,,,,,,,,,,,,,,,,,,,,,,,,,,,,,,
Rocks Flurry A,219.367,152.784,94.537,80.039,68.476,49.103,46.961,,,,,,,,,,,,,,,,,,,,,,,,,,,,,,,,,,,,,
Rocks Flurry B,505.642,426.376,316.061,164.08,124.333,91.663,79.83,,,,,,,,,,,,,,,,,,,,,,,,,,,,,,,,,,,,,
Rocks Flurry C,497.368,438.597,364.781,182.821,132.072,98.277,85.449,,,,,,,,,,,,,,,,,,,,,,,,,,,,,,,,,,,,,
Rocks Flurry E-,152.014,127.659,98.38,72.193,57.887,46.991,41.267,,,,,,,,,,,,,,,,,,,,,,,,,,,,,,,,,,,,,
Rocks Flurry E,54.476,52.526,46.769,31.511,23.861,17.816,16.472,,,,,,,,,,,,,,,,,,,,,,,,,,,,,,,,,,,,,
Rocks Flurry E+,7.685,7.911,8.043,8.142,7.179,4.904,4.101,,,,,,,,,,,,,,,,,,,,,,,,,,,,,,,,,,,,,
Rocks Flurry F,216.962,173.228,89.906,65.842,51.812,39.133,35.599,,,,,,,,,,,,,,,,,,,,,,,,,,,,,,,,,,,,,
Piwi Flurry,,,,,,,,,,,,,,,,,,,,,,,,,,,,,,,,,,,,,,,,,,,,
,4GB,8GB,16GB,32GB,64GB,128GB,256GB,,,,,,,,,,,,,,,,,,,,,,,,,,,,,,,,,,,,,
Piwi Flurry S,140.796,143.038,146.231,154.482,152.689,145.986,146.197,,,,,,,,,,,,,,,,,,,,,,,,,,,,,,,,,,,,,
Piwi Flurry P,325.639,320.529,183.76,174.956,149.071,143.35,148.184,,,,,,,,,,,,,,,,,,,,,,,,,,,,,,,,,,,,,
Piwi Flurry A,515.093,483.087,237.909,137.784,93.239,75.555,61.63,,,,,,,,,,,,,,,,,,,,,,,,,,,,,,,,,,,,,
Piwi Flurry B,832.164,815.718,550.223,229.06,153.573,92.238,62.906,,,,,,,,,,,,,,,,,,,,,,,,,,,,,,,,,,,,,
Piwi Flurry C,813.148,793.567,719.332,318.541,163.42,112.789,95.033,,,,,,,,,,,,,,,,,,,,,,,,,,,,,,,,,,,,,
Piwi Flurry E-,415.532,417.948,343.537,123.963,80.864,50.243,44.695,,,,,,,,,,,,,,,,,,,,,,,,,,,,,,,,,,,,,
Piwi Flurry E,176.41,164.038,129.389,55.263,34.311,21.621,17.61,,,,,,,,,,,,,,,,,,,,,,,,,,,,,,,,,,,,,
Piwi Flurry E+,15.415,15.669,13.886,12.927,10.47,6.354,4.572,,,,,,,,,,,,,,,,,,,,,,,,,,,,,,,,,,,,,
Piwi Flurry F,417.418,415.982,174.979,103.249,61.194,42.531,39.681,,,,,,,,,,,,,,,,,,,,,,,,,,,,,,,,,,,,,
RocksDB Zipfian,,,,,,,,,,,,,,,,,,,,,,,,,,,,,,,,,,,,,,,,,,,,
,4GB,8GB,16GB,32GB,64GB,128GB,256GB,,,,,,,,,,,,,,,,,,,,,,,,,,,,,,,,,,,,,
Rocks Zipf S,156.455,168.883,153.041,196.863,184.814,154.725,127.495,,,,,,,,,,,,,,,,,,,,,,,,,,,,,,,,,,,,,
Rocks Zipf P,150.157,144.629,147.159,150.239,107.462,84.604,79.699,,,,,,,,,,,,,,,,,,,,,,,,,,,,,,,,,,,,,
Rocks Zipf A,254.784,178.578,120.588,96.309,79.809,66.527,70.079,,,,,,,,,,,,,,,,,,,,,,,,,,,,,,,,,,,,,
Rocks Zipf B,537.605,447.033,312.83,161.166,129.84,106.683,97.201,,,,,,,,,,,,,,,,,,,,,,,,,,,,,,,,,,,,,
Rocks Zipf C,521.368,441.994,379.66,176.787,128.528,109.863,99.411,,,,,,,,,,,,,,,,,,,,,,,,,,,,,,,,,,,,,
Rocks Zipf E-,165.221,127.415,107.846,68.709,58.036,47.995,43.119,,,,,,,,,,,,,,,,,,,,,,,,,,,,,,,,,,,,,
Rocks Zipf E,69.739,62.879,53.378,24.713,18.701,15.827,14.222,,,,,,,,,,,,,,,,,,,,,,,,,,,,,,,,,,,,,
Rocks Zipf E+,8.936,8.776,8.822,8.853,5.153,3.156,2.659,,,,,,,,,,,,,,,,,,,,,,,,,,,,,,,,,,,,,
Rocks Zipf F,251.015,184.052,97.752,75.156,61.185,58.016,51.32,,,,,,,,,,,,,,,,,,,,,,,,,,,,,,,,,,,,,
Piwi Zipfian,,,,,,,,,,,,,,,,,,,,,,,,,,,,,,,,,,,,,,,,,,,,
,4GB,8GB,16GB,32GB,64GB,128GB,256GB,,,,,,,,,,,,,,,,,,,,,,,,,,,,,,,,,,,,,
Piwi Zipf S,148.42,151.357,150.33,163.059,158.338,149.571,146.388,,,,,,,,,,,,,,,,,,,,,,,,,,,,,,,,,,,,,
Piwi Zipf P,245.041,171.845,167.449,135.418,128.871,131.762,150.217,,,,,,,,,,,,,,,,,,,,,,,,,,,,,,,,,,,,,
Piwi Zipf A,441.833,328.985,138.655,84.165,63.091,68.736,66.484,,,,,,,,,,,,,,,,,,,,,,,,,,,,,,,,,,,,,
Piwi Zipf B,818.125,809.704,278,163.068,126.244,91.891,51.94,,,,,,,,,,,,,,,,,,,,,,,,,,,,,,,,,,,,,
Piwi Zipf C,820.946,849.536,348.112,204.227,156.698,114.243,102.065,,,,,,,,,,,,,,,,,,,,,,,,,,,,,,,,,,,,,
Piwi Zipf E-,300.992,253.323,122.922,56.926,43.866,22.635,22.733,,,,,,,,,,,,,,,,,,,,,,,,,,,,,,,,,,,,,
Piwi Zipf E,170.748,142.587,67.238,24.53,16.283,9.937,8.897,,,,,,,,,,,,,,,,,,,,,,,,,,,,,,,,,,,,,
Piwi Zipf E+,15.218,14.157,10.772,10.41,5.785,2.365,2.244,,,,,,,,,,,,,,,,,,,,,,,,,,,,,,,,,,,,,
Piwi Zipf F,374.807,236.812,113.278,70.8,41.84,29.797,29.457,,,,,,,,,,,,,,,,,,,,,,,,,,,,,,,,,,,,,
Rocks Latest,,,,,,,,,,,,,,,,,,,,,,,,,,,,,,,,,,,,,,,,,,,,
,4GB,8GB,16GB,32GB,64GB,128GB,256GB,,,,,,,,,,,,,,,,,,,,,,,,,,,,,,,,,,,,,
Rocks Latest D,629.31,523.562,379.422,249.868,201.841,168.37,139.267,,,,,,,,,,,,,,,,,,,,,,,,,,,,,,,,,,,,,
Piwi Latest,,,,,,,,,,,,,,,,,,,,,,,,,,,,,,,,,,,,,,,,,,,,
,4GB,8GB,16GB,32GB,64GB,128GB,256GB,,,,,,,,,,,,,,,,,,,,,,,,,,,,,,,,,,,,,
Piwi Latest D,720.492,692.913,387.954,270.999,218.533,169.826,147.372,,,,,,,,,,,,,,,,,,,,,,,,,,,,,,,,,,,,,
,,,,,,,,,,,,,,,,,,,,,,,,,,,,,,,,,,,,,,,,,,,,
write_amp_p,,,,,,,,,,,,,,,,,,,,,,,,,,,,,,,,,,,,,,,,,,,,
,4GB,8GB,16GB,32GB,64GB,128GB,256GB,,,,,,,,,,,,,,,,,,,,,,,,,,,,,,,,,,,,,
Rocks Flurry,2.08,2.29,2.35,2.40,3.10,4.13946,4.94706,,,,,,,,,,,,,,,,,,,,,,,,,,,,,,,,,,,,,
Piwi Flurry,1.33,1.30,1.22,1.25,1.34,1.34275,1.4084,,,,,,,,,,,,,,,,,,,,,,,,,,,,,,,,,,,,,
Rocks Zipf,1.92,1.96,2.02,2.20,2.44,2.91165,3.27709,,,,,,,,,,,,,,,,,,,,,,,,,,,,,,,,,,,,,
Piwi Zipf,1.31,1.27,1.08,1.20,1.19,1.19842,1.15667,,,,,,,,,,,,,,,,,,,,,,,,,,,,,,,,,,,,,
Rocks Uniform,2.60,3.23,3.68,4.73,7.60,8.98,9.68,,,,,,,,,,,,,,,,,,,,,,,,,,,,,,,,,,,,,
Piwi Uniform,1.29,1.10,1.06,1.06,1.06,1.07,1.07,,,,,,,,,,,,,,,,,,,,,,,,,,,,,,,,,,,,,
,,,,,,,,,,,,,,,,,,,,,,,,,,,,,,,,,,,,,,,,,,,,
read_write_amplification,,,,,,,,,,,,,,,,,,,,,,,,,,,,,,,,,,,,,,,,,,,,
Workload P - Flurry - write amplification,,,,,,,,,,,,,,,,,,,,,,,,,,,,,,,,,,,,,,,,,,,,
,4,8,16,32,64,,,,,,,,,,,,,,,,,,,,,,,,,,,,,,,,,,,,,,,
Rocks Flurry P write kernel,1.93,2.15,2.28,2.42,2.75,,,,,,,,,,,,,,,,,,,,,,,,,,,,,,,,,,,,,,,
Piwi Flurry P write kernel,1.33,1.30,1.21,1.23,1.20,,,,,,,,,,,,,,,,,,,,,,,,,,,,,,,,,,,,,,,
Rocks Flurry P write disk,1.93,2.15,2.29,2.54,2.92,,,,,,,,,,,,,,,,,,,,,,,,,,,,,,,,,,,,,,,
Piwi Flurry P write disk,1.42,1.38,1.27,1.30,1.29,,,,,,,,,,,,,,,,,,,,,,,,,,,,,,,,,,,,,,,
,,,,,,,,,,,,,,,,,,,,,,,,,,,,,,,,,,,,,,,,,,,,
Workload A - Flurry - write amplification,,,,,,,,,,,,,,,,,,,,,,,,,,,,,,,,,,,,,,,,,,,,
,4,8,16,32,64,,,,,,,,,,,,,,,,,,,,,,,,,,,,,,,,,,,,,,,
Rocks Flurry A write kernel,2.12,2.48,2.70,3.34,3.68,,,,,,,,,,,,,,,,,,,,,,,,,,,,,,,,,,,,,,,
Piwi Flurry A write kernel,1.30,1.27,1.33,1.35,1.31,,,,,,,,,,,,,,,,,,,,,,,,,,,,,,,,,,,,,,,
Rocks Flurry A write disk,2.12,2.48,2.71,3.43,3.80,,,,,,,,,,,,,,,,,,,,,,,,,,,,,,,,,,,,,,,
Piwi Flurry A write disk,1.39,1.35,1.43,1.47,1.44,,,,,,,,,,,,,,,,,,,,,,,,,,,,,,,,,,,,,,,
,,,,,,,,,,,,,,,,,,,,,,,,,,,,,,,,,,,,,,,,,,,,
Workload P - Zipfian - write amplification,,,,,,,,,,,,,,,,,,,,,,,,,,,,,,,,,,,,,,,,,,,,
,4,8,16,32,64,,,,,,,,,,,,,,,,,,,,,,,,,,,,,,,,,,,,,,,
Rocks Zipf P write kernel,1.94,2.19,2.59,2.89,2.66,,,,,,,,,,,,,,,,,,,,,,,,,,,,,,,,,,,,,,,
Piwi Zipf P write kernel,1.31,1.28,1.11,1.09,1.14,,,,,,,,,,,,,,,,,,,,,,,,,,,,,,,,,,,,,,,
Rocks Zipf P write disk,1.94,2.20,2.69,3.03,2.77,,,,,,,,,,,,,,,,,,,,,,,,,,,,,,,,,,,,,,,
Piwi Zipf P write disk,1.41,1.37,1.15,1.13,1.31,,,,,,,,,,,,,,,,,,,,,,,,,,,,,,,,,,,,,,,
,,,,,,,,,,,,,,,,,,,,,,,,,,,,,,,,,,,,,,,,,,,,
Workload A - Zipfian - write amplification,,,,,,,,,,,,,,,,,,,,,,,,,,,,,,,,,,,,,,,,,,,,
,4,8,16,32,64,,,,,,,,,,,,,,,,,,,,,,,,,,,,,,,,,,,,,,,
Rocks Zipf A write kernel,2.16,2.47,3.05,3.39,3.57,,,,,,,,,,,,,,,,,,,,,,,,,,,,,,,,,,,,,,,
Piwi Zipf A write kernel,1.28,1.18,1.77,2.14,1.65,,,,,,,,,,,,,,,,,,,,,,,,,,,,,,,,,,,,,,,
Rocks Zipf A write disk,2.17,2.47,3.13,3.52,3.67,,,,,,,,,,,,,,,,,,,,,,,,,,,,,,,,,,,,,,,
Piwi Zipf A write disk,1.37,1.23,2.04,2.60,2.41,,,,,,,,,,,,,,,,,,,,,,,,,,,,,,,,,,,,,,,
,,,,,,,,,,,,,,,,,,,,,,,,,,,,,,,,,,,,,,,,,,,,
Rocks Zipf C read kernel,3.12,3.23,3.34,3.43,3.51,,,,,,,,,,,,,,,,,,,,,,,,,,,,,,,,,,,,,,,
Piwi Zipf  C read kernel,0.00,0.00,0.25,0.68,1.00,,,,,,,,,,,,,,,,,,,,,,,,,,,,,,,,,,,,,,,
Rocks Zipf C read disk,0.06,0.13,0.25,1.06,1.84,,,,,,,,,,,,,,,,,,,,,,,,,,,,,,,,,,,,,,,
Piwi Zipf C read disk,0.00,0.00,0.89,2.29,2.24,,,,,,,,,,,,,,,,,,,,,,,,,,,,,,,,,,,,,,,
,,,,,,,,,,,,,,,,,,,,,,,,,,,,,,,,,,,,,,,,,,,,
Rocks Flurry C read kernel,3.84,4.01,4.14,4.28,4.37,,,,,,,,,,,,,,,,,,,,,,,,,,,,,,,,,,,,,,,
Piwi Flurry C read kernel,0.00,0.00,0.09,0.21,0.37,,,,,,,,,,,,,,,,,,,,,,,,,,,,,,,,,,,,,,,
Rocks Flurry C read disk,0.05,0.11,0.20,0.47,0.95,,,,,,,,,,,,,,,,,,,,,,,,,,,,,,,,,,,,,,,
Piwi Flurry C read disk,0.00,0.00,0.11,0.80,1.07,,,,,,,,,,,,,,,,,,,,,,,,,,,,,,,,,,,,,,,
,,,,,,,,,,,,,,,,,,,,,,,,,,,,,,,,,,,,,,,,,,,,
Workload C latency breakdown,,,,,,,,,,,,,,,,,,,,,,,,,,,,,,,,,,,,,,,,,,,,
Distribution,DB size,Throughput,Gets-munks #,Gets-munks %,Gets-munks us,munks lat. %,Gets-RC #,Get-RC %,Gets-RC us,Row cache lat. %,RC hit rate,Gets-WB #,Gets-WB %,Gets-WB us,Write buf. lat. %,Gets-KS #,Gets-KS %,Gets-KS us,Keystore lat. %,Avg mem lat,Total mem cover,Total mem time,Avg I/O lat,Total I/O cover,Total I/O time,,,,,,,,,,,,,,,,,,,
flurry,4,824350,79648446,100.0%,1,100.0%,0,0.0%,0,0.0%,0,0,0.0%,0,0.0%,0,0.0%,0,0.0%,0.5,100.0%,100.0%,0.0,0.0%,0.0%,,,,,,,,,,,,,,,,,,,
flurry,8,794266,79759262,100.0%,2,100.0%,0,0.0%,0,0.0%,0,0,0.0%,0,0.0%,0,0.0%,0,0.0%,1.0,100.0%,100.0%,0.0,0.0%,0.0%,,,,,,,,,,,,,,,,,,,
flurry,16,791524,75645201,95.0%,2,48.9%,2626162,3.3%,2,1.7%,80%,0,0.0%,0,0.0%,1318923,1.7%,116,49.4%,2.0,98.3%,50.6%,58.0,1.7%,49.4%,,,,,,,,,,,,,,,,,,,
flurry,32,439148,69430806,87.4%,3,14.6%,6890295,8.7%,3,1.4%,81%,0,0.0%,0,0.0%,3157839,4.0%,380,84.0%,3.0,96.0%,16.0%,190.0,4.0%,84.0%,,,,,,,,,,,,,,,,,,,
flurry,64,348159,64189330,81.2%,2,6.2%,9155126,11.6%,2,0.9%,77%,0,0.0%,0,0.0%,5675782,7.2%,340,92.9%,2.0,92.8%,7.1%,170.0,7.2%,92.9%,,,,,,,,,,,,,,,,,,,
zipfian,4,846480,79857179,100.0%,2,100.0%,0,0.0%,0,0.0%,0,0,0.0%,0,0.0%,0,0.0%,0,0.0%,1.0,100.0%,100.0%,0.0,0.0%,0.0%,,,,,,,,,,,,,,,,,,,
zipfian,8,830906,79832282,100.0%,2,100.0%,0,0.0%,0,0.0%,0,0,0.0%,0,0.0%,0,0.0%,0,0.0%,1.0,100.0%,100.0%,0.0,0.0%,0.0%,,,,,,,,,,,,,,,,,,,
zipfian,16,401933,60110031,75.6%,3,10.5%,15620519,19.7%,2,1.8%,89%,0,0.0%,0,0.0%,3753718,4.7%,399,87.6%,2.5,95.3%,12.4%,199.5,4.7%,87.6%,,,,,,,,,,,,,,,,,,,
zipfian,32,213248,47295367,59.6%,3,3.7%,21789706,27.5%,2,1.1%,81%,0,0.0%,0,0.0%,10286965,13.0%,355,95.2%,2.5,87.0%,4.8%,177.5,13.0%,95.2%,,,,,,,,,,,,,,,,,,,
zipfian,64,160140,38750576,49.7%,3,2.2%,24251692,31.1%,3,1.4%,77%,0,0.0%,0,0.0%,15044030,19.3%,335,96.4%,3.0,80.7%,3.6%,167.5,19.3%,96.4%,,,,,,,,,,,,,,,,,,,
,,,,,,,,,,,,,,,,,,,,,,,,,,,,,,,,,,,,,,,,,,,,
Workload A latency breakdown,,,,,,,,,,,,,,,,,,,,,,,,,,,,,,,,,,,,,,,,,,,,
Distribution,DB size,Throughput,Gets-munks #,Gets-munks %,Gets-munks us,munks lat. %,Gets-RC #,Get-RC %,Gets-RC us,Row cache lat. %,RC hit rate,Gets-WB #,Gets-WB %,Gets-WB us,Write buf. lat. %,Gets-KS #,Gets-KS %,Gets-KS us,Keystore lat. %,Avg mem lat,Total mem cover,Total mem time,Avg I/O lat,Total I/O cover,Total I/O time,,,,,,,,,,,,,,,,,,,
flurry,4,515093,39920769,100.0%,3,100.0%,0,0.0%,0,0.0%,0.0%,0,0.0%,0,0.0%,0,0.0%,0,0.0%,,,,,,,,,,,,,,,,,,,,,,,,,
flurry,8,483087,39928315,100.0%,3,100.0%,0,0.0%,0,0.0%,0.0%,0,0.0%,0,0.0%,0,0.0%,0,0.0%,,,,,,,,,,,,,,,,,,,,,,,,,
flurry,16,237909,36975028,92.8%,4,6.3%,727343,1.8%,2,0.1%,40.0%,402978,1.0%,705,12.0%,1743000,4.4%,1107,81.7%,,,,,,,,,,,,,,,,,,,,,,,,,
flurry,32,137784,33743895,84.5%,4,2.5%,1879444,4.7%,3,0.1%,46.0%,972547,2.4%,2129,38.4%,3334612,8.4%,953,59.0%,,,,,,,,,,,,,,,,,,,,,,,,,
flurry,64,93239,30995450,77.6%,4,1.4%,1787543,4.5%,4,0.1%,33.0%,1311535,3.3%,2561,39.1%,5852347,14.7%,872,59.4%,,,,,,,,,,,,,,,,,,,,,,,,,
zipfian,4,441833,39952666,100.0%,3,100.0%,0,0.0%,0,0.0%,0.0%,0,0.0%,0,0.0%,0,0.0%,0,0.0%,,,,,,,,,,,,,,,,,,,,,,,,,
zipfian,8,328985,37902109,95.0%,4,13.6%,1647230,4.1%,2,0.3%,90.0%,57125,0.1%,285,1.5%,296272,0.7%,3183,84.6%,,,,,,,,,,,,,,,,,,,,,,,,,
zipfian,16,138655,27721895,69.6%,5,2.7%,8978108,22.5%,2,0.3%,85.0%,482477,1.2%,1264,11.8%,2640126,6.6%,1675,85.2%,,,,,,,,,,,,,,,,,,,,,,,,,
zipfian,32,84165,21903963,54.9%,5,1.1%,11962490,30.0%,3,0.4%,79.0%,1016823,2.5%,3252,33.9%,5005034,12.5%,1262,64.7%,,,,,,,,,,,,,,,,,,,,,,,,,
zipfian,64,63091,18423974,46.2%,4,0.5%,13097592,32.8%,2,0.2%,75.0%,1608620,4.0%,4203,50.2%,6752094,16.9%,977,49.0%,,,,,,,,,,,,,,,,,,,,,,,,,
,,,,,,,,,,,,,,,,,,,,,,,,,,,,,,,,,,,,,,,,,,,,
bloom filter,,,,,,,,,,,,,,,,,,,,,,,,,,,,,,,,,,,,,,,,,,,,
Partitions,distribution,Throughput,Read 50%,Read 95%,Read 99%,Update 50%,Update 95%,Update 99%,Scan 50%,Scan 95%,Scan 99%,Write amp (krnl),Write amp (disk),Read amp (krnl),Read amp (disk),Munks RAM,WB filtered gets,WB unfiltered gets,WB parts accessed,WB parts skipped,Gets-munks #,Gets-munks us,Gets-RC #,Gets-RC us,Gets-WB #,Gets-WB us,Gets-KS #,Gets-KS us,Puts-munks #,Puts-munks us,Scans-munks #,Scans-munks us,Puts-unmunked #,Puts-unmunked us,Scans-unmunked #,Scans-unmunked us,Scans-KS #,Scans-KS us,Scans-WB #,Scans-WB us,RC hit rate,RC RAM,Time,Run args
1,flurry,134656,0.011,0.382,2.4475,0.02575,0.04175,0.05325,-,-,-,1.30572,1.50157,14.9206,5.45843,7.419GB,3023120,744324,743787,0,31182245,4,4984542,2,743236,3125,3019111,931,31199775,24,0,0,8777447,25,0,0,0,0,0,0,72%,4.37GB,2019-01-04_00:17:10,16+workloada.spec-recordcount+0+-operationcount+80000000+-writeBufBytesCapacity+2097152+-munkBytesCapacity+400000+-maxMunks+1152+-initChunks+0+-shared_wal+false+-asyncMode+true+-rcKeys+6400000+-r-30
2,flurry,133453,0.01225,0.36975,2.48075,0.02875,0.045,0.057,-,-,-,1.30647,1.49506,13.1039,5.17029,7.412GB,3030944,745507,762236,727363,31164682,4,4961778,3,744025,3001,3025550,936,31185126,26,0,0,8776178,26,0,0,0,0,0,0,72%,4.35GB,2019-01-04_00:33:35,16+workloada.spec-recordcount+0+-operationcount+80000000+-writeBufBytesCapacity+2097152+-munkBytesCapacity+400000+-maxMunks+1152+-initChunks+0+-shared_wal+false+-asyncMode+true+-rcKeys+6400000+-r-31
4,flurry,140102,0.01225,0.37275,2.4405,0.029,0.04625,0.05875,-,-,-,1.30748,1.47913,9.82214,4.5197,7.394GB,3028365,749076,809027,2185183,31160241,4,4957750,3,747373,2523,3023157,941,31181379,26,0,0,8779723,26,0,0,0,0,0,0,72%,4.35GB,2019-01-04_00:49:49,16+workloada.spec-recordcount+0+-operationcount+80000000+-writeBufBytesCapacity+2097152+-munkBytesCapacity+400000+-maxMunks+1152+-initChunks+0+-shared_wal+false+-asyncMode+true+-rcKeys+6400000+-r-32
8,flurry,152517,0.01075,0.35075,2.279,0.025,0.04025,0.051,-,-,-,1.30546,1.46316,6.40843,3.86652,7.370GB,3031161,745667,865425,5097711,31158182,4,4956326,2,744283,2105,3026667,932,31175805,23,0,0,8782591,22,0,0,0,0,0,0,72%,4.35GB,2019-01-04_01:04:57,16+workloada.spec-recordcount+0+-operationcount+80000000+-writeBufBytesCapacity+2097152+-munkBytesCapacity+400000+-maxMunks+1152+-initChunks+0+-shared_wal+false+-asyncMode+true+-rcKeys+6400000+-r-33
16,flurry,157367,0.01225,0.3395,2.085,0.0285,0.0455,0.0575,-,-,-,1.30415,1.44113,3.95459,3.447,7.389GB,3024471,748462,925874,11051485,31149852,4,4928586,3,747119,1852,3018854,868,31192530,25,0,0,8765526,24,0,0,0,0,0,0,72%,4.33GB,2019-01-04_01:19:48,16+workloada.spec-recordcount+0+-operationcount+80000000+-writeBufBytesCapacity+2097152+-munkBytesCapacity+400000+-maxMunks+1152+-initChunks+0+-shared_wal+false+-asyncMode+true+-rcKeys+6400000+-r-34
1,zipfian,36306,0.013,2.1495,4.9995,0.029,0.08575,0.151,-,-,-,1.64997,2.59137,49.0225,42.9871,7.319GB,6763198,1609146,1607964,0,18438271,5,13120654,3,1607504,10096,6757900,1085,18443987,33,0,0,21536420,52,0,0,0,0,0,0,75%,5.53GB,2019-01-04_02:26:02,16+workloada.spec-recordcount+0+-operationcount+80000000+-writeBufBytesCapacity+2097152+-munkBytesCapacity+400000+-maxMunks+1152+-initChunks+0+-shared_wal+false+-asyncMode+true+-rcKeys+6400000+-r-37
2,zipfian,39247,0.013,2.2755,4.9995,0.029,0.0855,0.17075,-,-,-,1.64896,2.70216,39.1143,36.0799,7.307GB,6769759,1609287,1694343,1522101,18427032,5,13088756,3,1606933,8564,6760180,1138,18439662,34,0,0,21537209,58,0,0,0,0,0,0,75%,5.54GB,2019-01-04_03:06:54,16+workloada.spec-recordcount+0+-operationcount+80000000+-writeBufBytesCapacity+2097152+-munkBytesCapacity+400000+-maxMunks+1152+-initChunks+0+-shared_wal+false+-asyncMode+true+-rcKeys+6400000+-r-38
4,zipfian,46297,0.01275,2.19225,4.9995,0.0285,0.0775,0.13475,-,-,-,1.64732,2.44466,26.1911,26.5999,7.290GB,6760218,1611326,1846542,4596468,18424769,5,13087811,3,1609139,6416,6751381,1127,18440693,34,0,0,21534840,50,0,0,0,0,0,0,75%,5.55GB,2019-01-04_03:42:21,16+workloada.spec-recordcount+0+-operationcount+80000000+-writeBufBytesCapacity+2097152+-munkBytesCapacity+400000+-maxMunks+1152+-initChunks+0+-shared_wal+false+-asyncMode+true+-rcKeys+6400000+-r-39
8,zipfian,55985,0.01175,1.915,4.9995,0.026,0.0545,0.1095,-,-,-,1.64622,2.3539,16.1728,20.2291,7.275GB,6766157,1611656,1992230,10896364,18415017,4,13061098,2,1608529,4874,6751555,1022,18442525,30,0,0,21521248,42,0,0,0,0,0,0,75%,5.56GB,2019-01-04_04:12:46,16+workloada.spec-recordcount+0+-operationcount+80000000+-writeBufBytesCapacity+2097152+-munkBytesCapacity+400000+-maxMunks+1152+-initChunks+0+-shared_wal+false+-asyncMode+true+-rcKeys+6400000+-r-40
16,zipfian,59941,0.01125,1.82025,4.9995,0.02475,0.05575,0.1115,-,-,-,1.64787,2.42316,9.71718,16.6006,7.264GB,6764124,1608163,2105915,23620335,18418899,4,13075118,2,1605951,4356,6752597,990,18446197,29,0,0,21538841,41,0,0,0,0,0,0,75%,5.55GB,2019-01-04_04:41:37,16+workloada.spec-recordcount+0+-operationcount+80000000+-writeBufBytesCapacity+2097152+-munkBytesCapacity+400000+-maxMunks+1152+-initChunks+0+-shared_wal+false+-asyncMode+true+-rcKeys+6400000+-r-41
,,,,,,,,,,,,,,,,,,,,,,,,,,,,,,,,,,,,,,,,,,,,
scalability,,,,,,,,,,,,,,,,,,,,,,,,,,,,,,,,,,,,,,,,,,,,
,1,2,4,8,12,,,,,,,,,,,,,,,,,,,,,,,,,,,,,,,,,,,,,,,
P Flurry,53.619,92.147,148.821,165.301,149.071,,,,,,,,,,,,,,,,,,,,,,,,,,,,,,,,,,,,,,,
P Zipfian,48.619,87.611,131.923,147.455,128.871,,,,,,,,,,,,,,,,,,,,,,,,,,,,,,,,,,,,,,,
A Flurry,18.629,37.099,60.827,83.98,93.239,,,,,,,,,,,,,,,,,,,,,,,,,,,,,,,,,,,,,,,
A Zipfian,13.023,24.176,41.622,58.176,63.091,,,,,,,,,,,,,,,,,,,,,,,,,,,,,,,,,,,,,,,
C Flurry,21.326,42.145,75.508,119.57,163.42,,,,,,,,,,,,,,,,,,,,,,,,,,,,,,,,,,,,,,,
C Zipfian,19.987,38.081,63.345,100.58,156.698,,,,,,,,,,,,,,,,,,,,,,,,,,,,,,,,,,,,,,,
,,,,,,,,,,,,,,,,,,,,,,,,,,,,,,,,,,,,,,,,,,,,
caching,,,,,,,,,,,,,,,,,,,,,,,,,,,,,,,,,,,,,,,,,,,,
Munks RAM,0,2,4,6,8,10,,,,,,,,,,,,,,,,,,,,,,,,,,,,,,,,,,,,,,
A flurry,101664,144407,158909,164053,143899,124323,,,,,,,,,,,,,,,,,,,,,,,,,,,,,,,,,,,,,,
A zipf,69889,78904,77742,68769,60281,40703,,,,,,,,,,,,,,,,,,,,,,,,,,,,,,,,,,,,,,
P flurry,131758,191392,198696,187906,180869,174149,,,,,,,,,,,,,,,,,,,,,,,,,,,,,,,,,,,,,,
P zipf,215529,197306,176811,180561,192782,157804,,,,,,,,,,,,,,,,,,,,,,,,,,,,,,,,,,,,,,
C flurry,228565,242872,284855,278737,322417,293619,,,,,,,,,,,,,,,,,,,,,,,,,,,,,,,,,,,,,,
C zipf,156931,155635,155397,147207,149498,128377,,,,,,,,,,,,,,,,,,,,,,,,,,,,,,,,,,,,,,
,,,,,,,,,,,,,,,,,,,,,,,,,,,,,,,,,,,,,,,,,,,,
tail latency,,,,,,,,,,,,,,,,,,,,,,,,,,,,,,,,,,,,,,,,,,,,
flurry,,,,,,,,,,,,,,,,,,,,,,,,,,,,,,,,,,,,,,,,,,,,
,4,8,16,32,64,128,256,,,,,,,,,,,,,,,,,,,,,,,,,,,,,,,,,,,,,
Rocks 95% Get,0.08,0.09,0.25,0.36,0.80,1.03,0.51,,,,,,,,,,,,,,,,,,,,,,,,,,,,,,,,,,,,,
Rocks 95% Put,0.07,0.07,0.09,0.10,0.10,0.11,0.11,,,,,,,,,,,,,,,,,,,,,,,,,,,,,,,,,,,,,
Piwi 95% Get,0.02,0.02,0.05,0.41,1.06,1.10,1.21,,,,,,,,,,,,,,,,,,,,,,,,,,,,,,,,,,,,,
Piwi 95% Put,0.04,0.04,0.04,0.04,0.05,0.06,0.06,,,,,,,,,,,,,,,,,,,,,,,,,,,,,,,,,,,,,
,,,,,,,,,,,,,,,,,,,,,,,,,,,,,,,,,,,,,,,,,,,,
zipfian,,,,,,,,,,,,,,,,,,,,,,,,,,,,,,,,,,,,,,,,,,,,
Rocks 95% Get,0.07,0.07,0.25,0.33,0.53,0.41,0.40,,,,,,,,,,,,,,,,,,,,,,,,,,,,,,,,,,,,,
Rocks 95% Put,0.07,0.07,0.09,0.13,0.13,0.17,0.12,,,,,,,,,,,,,,,,,,,,,,,,,,,,,,,,,,,,,
Piwi 95% Get,0.02,0.02,0.26,1.18,1.75,1.16,1.27,,,,,,,,,,,,,,,,,,,,,,,,,,,,,,,,,,,,,
Piwi 95% Put,0.04,0.04,0.05,0.05,0.04,0.05,0.05,,,,,,,,,,,,,,,,,,,,,,,,,,,,,,,,,,,,,
,,,,,,,,,,,,,,,,,,,,,,,,,,,,,,,,,,,,,,,,,,,,
max_log,,,,,,,,,,,,,,,,,,,,,,,,,,,,,,,,,,,,,,,,,,,,
Throughput,128k,256k,512k,1M,2M,4M,,,,,,,,,,,,,,,,,,,,,,,,,,,,,,,,,,,,,,
A Flurry,50170,55470,80667,134138,157479,149454,,,,,,,,,,,,,,,,,,,,,,,,,,,,,,,,,,,,,,
A Zipfian,27800,30867,36096,58330,68254,68083,,,,,,,,,,,,,,,,,,,,,,,,,,,,,,,,,,,,,,
E100 Flurry,29136,36436,36930,37232,31990,37124,,,,,,,,,,,,,,,,,,,,,,,,,,,,,,,,,,,,,,
E100 Zipfian,16124,16291,15817,15765,16383,15788,,,,,,,,,,,,,,,,,,,,,,,,,,,,,,,,,,,,,,
,,,,,,,,,,,,,,,,,,,,,,,,,,,,,,,,,,,,,,,,,,,,
P uniform,,,,,,,,,,,,,,,,,,,,,,,,,,,,,,,,,,,,,,,,,,,,
,4GB,8GB,16GB,32GB,64GB,128GB,256GB,,,,,,,,,,,,,,,,,,,,,,,,,,,,,,,,,,,,,
Rocks Uniform,100.213,79.791,66.006,48.411,30.116,23.915,24.501,,,,,,,,,,,,,,,,,,,,,,,,,,,,,,,,,,,,,
Piwi Uniform,181.507,181.128,200.562,192.55,192.606,136.318,120.511,,,,,,,,,,,,,,,,,,,,,,,,,,,,,,,,,,,,,
,,,,,,,,,,,,,,,,,,,,,,,,,,,,,,,,,,,,,,,,,,,,
,,,,,,,,,,,,,,,,,,,,,,,,,,,,,,,,,,,,,,,,,,,,
RocksDB block cache size,,,,,,,,,,,,,,,,,,,,,,,,,,,,,,,,,,,,,,,,,,,,
,1GB,2GB,5GB,8GB,,,,,,,,,,,,,,,,,,,,,,,,,,,,,,,,,,,,,,,,
P Zipfian,1.025007166,1.212126004,1.235709838,1.24616738,,,,,,,,,,,,,,,,,,,,,,,,,,,,,,,,,,,,,,,,
A Zipfian,1.163385712,1.164612419,1.109074712,1.088746422,,,,,,,,,,,,,,,,,,,,,,,,,,,,,,,,,,,,,,,,
C Zipfian,1.005421285,0.9656702405,0.9497016779,0.9677372948,,,,,,,,,,,,,,,,,,,,,,,,,,,,,,,,,,,,,,,,
E100 Zipfian,0.7443108001,0.7180336113,0.6465780982,0.6413813336,,,,,,,,,,,,,,,,,,,,,,,,,,,,,,,,,,,,,,,,
P Flurry,0.8283393199,0.7854218235,0.8880255346,0.8555582438,,,,,,,,,,,,,,,,,,,,,,,,,,,,,,,,,,,,,,,,
A Flurry,0.8105351527,0.7726196294,0.7749000739,0.7180518488,,,,,,,,,,,,,,,,,,,,,,,,,,,,,,,,,,,,,,,,
C Flurry,1.038162891,1.01438597,0.9500342338,0.9560251463,,,,,,,,,,,,,,,,,,,,,,,,,,,,,,,,,,,,,,,,
E100 Flurry,1.224212609,1.253569328,1.017806534,0.8763702476,,,,,,,,,,,,,,,,,,,,,,,,,,,,,,,,,,,,,,,,
,,,,,,,,,,,,,,,,,,,,,,,,,,,,,,,,,,,,,,,,,,,,
256GB real DB ingestion,,,,,,,,,,,,,,,,,,,,,,,,,,,,,,,,,,,,,,,,,,,
Percent,RocksDB,EvenDB,Log space,Input size,,,,,,,,,,,,,,,,,,,,,,,,,,,,,,,,,,,,,,,,
1,3794786033,2836292163,809892388,2764800000,,,,,,,,,,,,,,,,,,,,,,,,,,,,,,,,,,,,,,,,
2,7289271648,5566233935,1365517759,5529600000,,,,,,,,,,,,,,,,,,,,,,,,,,,,,,,,,,,,,,,,
3,10279571683,8628930261,2002234319,8294400000,,,,,,,,,,,,,,,,,,,,,,,,,,,,,,,,,,,,,,,,
4,17735797354,11558615185,2438360429,11059200000,,,,,,,,,,,,,,,,,,,,,,,,,,,,,,,,,,,,,,,,
5,23217737906,13655244767,2833165086,13824000000,,,,,,,,,,,,,,,,,,,,,,,,,,,,,,,,,,,,,,,,
6,26265517766,16615423121,3293154862,16588800000,,,,,,,,,,,,,,,,,,,,,,,,,,,,,,,,,,,,,,,,
7,30390442355,20341544771,3852348048,19353600000,,,,,,,,,,,,,,,,,,,,,,,,,,,,,,,,,,,,,,,,
8,34672702855,23367211866,4285223309,22118400000,,,,,,,,,,,,,,,,,,,,,,,,,,,,,,,,,,,,,,,,
9,40228113042,26816263568,4715341467,24883200000,,,,,,,,,,,,,,,,,,,,,,,,,,,,,,,,,,,,,,,,
10,44318932197,29621338741,5067253389,27648000000,,,,,,,,,,,,,,,,,,,,,,,,,,,,,,,,,,,,,,,,
11,49400642284,32801061184,5512222816,30412800000,,,,,,,,,,,,,,,,,,,,,,,,,,,,,,,,,,,,,,,,
12,52959592850,35220362895,5792730911,33177600000,,,,,,,,,,,,,,,,,,,,,,,,,,,,,,,,,,,,,,,,
13,42123983878,38175997067,6213595691,35942400000,,,,,,,,,,,,,,,,,,,,,,,,,,,,,,,,,,,,,,,,
14,39293511641,41226592666,6521456196,38707200000,,,,,,,,,,,,,,,,,,,,,,,,,,,,,,,,,,,,,,,,
15,55690170884,44220282679,6942054779,41472000000,,,,,,,,,,,,,,,,,,,,,,,,,,,,,,,,,,,,,,,,
16,62576344202,47453197027,7276243856,44236800000,,,,,,,,,,,,,,,,,,,,,,,,,,,,,,,,,,,,,,,,
17,60257872702,50801674037,7656082859,47001600000,,,,,,,,,,,,,,,,,,,,,,,,,,,,,,,,,,,,,,,,
18,69797375140,53930837712,8031954313,49766400000,,,,,,,,,,,,,,,,,,,,,,,,,,,,,,,,,,,,,,,,
19,54805859269,57375800465,8392522111,52531200000,,,,,,,,,,,,,,,,,,,,,,,,,,,,,,,,,,,,,,,,
20,59473486579,60186219252,8712116844,55296000000,,,,,,,,,,,,,,,,,,,,,,,,,,,,,,,,,,,,,,,,
21,72802194162,62888577420,9103621471,58060800000,,,,,,,,,,,,,,,,,,,,,,,,,,,,,,,,,,,,,,,,
22,103924175121,65622073121,9389928011,60825600000,,,,,,,,,,,,,,,,,,,,,,,,,,,,,,,,,,,,,,,,
23,66053958387,68091843789,9691874000,63590400000,,,,,,,,,,,,,,,,,,,,,,,,,,,,,,,,,,,,,,,,
24,72002554158,71624457573,10099319594,66355200000,,,,,,,,,,,,,,,,,,,,,,,,,,,,,,,,,,,,,,,,
25,97286835573,74868156985,10408191606,69120000000,,,,,,,,,,,,,,,,,,,,,,,,,,,,,,,,,,,,,,,,
26,125947145366,77477940538,10782133909,71884800000,,,,,,,,,,,,,,,,,,,,,,,,,,,,,,,,,,,,,,,,
27,126224983629,80557047246,11180765465,74649600000,,,,,,,,,,,,,,,,,,,,,,,,,,,,,,,,,,,,,,,,
28,117556186882,84174249972,11385447863,77414400000,,,,,,,,,,,,,,,,,,,,,,,,,,,,,,,,,,,,,,,,
29,82305284390,87779029156,11783780015,80179200000,,,,,,,,,,,,,,,,,,,,,,,,,,,,,,,,,,,,,,,,
30,96969242144,91434988169,12093746446,82944000000,,,,,,,,,,,,,,,,,,,,,,,,,,,,,,,,,,,,,,,,
31,124760032813,94356240872,12592721432,85708800000,,,,,,,,,,,,,,,,,,,,,,,,,,,,,,,,,,,,,,,,
32,119102152147,98369604622,13043643898,88473600000,,,,,,,,,,,,,,,,,,,,,,,,,,,,,,,,,,,,,,,,
33,147126038294,101298513536,13402013088,91238400000,,,,,,,,,,,,,,,,,,,,,,,,,,,,,,,,,,,,,,,,
34,172173911888,103771638274,13585933631,94003200000,,,,,,,,,,,,,,,,,,,,,,,,,,,,,,,,,,,,,,,,
35,104907462720,106755698755,13909871292,96768000000,,,,,,,,,,,,,,,,,,,,,,,,,,,,,,,,,,,,,,,,
36,125650824100,110270082208,14197110783,99532800000,,,,,,,,,,,,,,,,,,,,,,,,,,,,,,,,,,,,,,,,
37,120527582255,113526385579,14756050324,102297600000,,,,,,,,,,,,,,,,,,,,,,,,,,,,,,,,,,,,,,,,
38,148216833943,116417115881,14945795012,105062400000,,,,,,,,,,,,,,,,,,,,,,,,,,,,,,,,,,,,,,,,
39,175120134571,120480565241,15353286322,107827200000,,,,,,,,,,,,,,,,,,,,,,,,,,,,,,,,,,,,,,,,
40,167946850322,123610527649,15722725059,110592000000,,,,,,,,,,,,,,,,,,,,,,,,,,,,,,,,,,,,,,,,
41,113831704170,126705525393,16001339151,113356800000,,,,,,,,,,,,,,,,,,,,,,,,,,,,,,,,,,,,,,,,
42,122947724960,129765531728,16376778722,116121600000,,,,,,,,,,,,,,,,,,,,,,,,,,,,,,,,,,,,,,,,
43,145771847395,133289827324,16771344637,118886400000,,,,,,,,,,,,,,,,,,,,,,,,,,,,,,,,,,,,,,,,
44,173475942388,136355959914,16997385942,121651200000,,,,,,,,,,,,,,,,,,,,,,,,,,,,,,,,,,,,,,,,
45,202414574396,138611804308,17196954244,124416000000,,,,,,,,,,,,,,,,,,,,,,,,,,,,,,,,,,,,,,,,
46,198754741480,141649495449,17626313341,127180800000,,,,,,,,,,,,,,,,,,,,,,,,,,,,,,,,,,,,,,,,
47,191005986288,144668668113,17856567951,129945600000,,,,,,,,,,,,,,,,,,,,,,,,,,,,,,,,,,,,,,,,
48,183998866023,147402132133,18245081909,132710400000,,,,,,,,,,,,,,,,,,,,,,,,,,,,,,,,,,,,,,,,
49,210324852634,150318021451,18406840734,135475200000,,,,,,,,,,,,,,,,,,,,,,,,,,,,,,,,,,,,,,,,
50,142706784415,154188797551,18854812198,138240000000,,,,,,,,,,,,,,,,,,,,,,,,,,,,,,,,,,,,,,,,
51,158059654024,158170946118,19263427917,141004800000,,,,,,,,,,,,,,,,,,,,,,,,,,,,,,,,,,,,,,,,
52,184727091262,160650469923,19538554061,143769600000,,,,,,,,,,,,,,,,,,,,,,,,,,,,,,,,,,,,,,,,
53,212856074281,163175704829,19687198233,146534400000,,,,,,,,,,,,,,,,,,,,,,,,,,,,,,,,,,,,,,,,
54,208596486835,166724991945,20158015899,149299200000,,,,,,,,,,,,,,,,,,,,,,,,,,,,,,,,,,,,,,,,
55,203835639823,169643870047,20294538531,152064000000,,,,,,,,,,,,,,,,,,,,,,,,,,,,,,,,,,,,,,,,
56,231186671671,172379534644,20595064563,154828800000,,,,,,,,,,,,,,,,,,,,,,,,,,,,,,,,,,,,,,,,
57,227070057181,176055435172,21002701043,157593600000,,,,,,,,,,,,,,,,,,,,,,,,,,,,,,,,,,,,,,,,
58,215700251752,178595570726,21296800259,160358400000,,,,,,,,,,,,,,,,,,,,,,,,,,,,,,,,,,,,,,,,
59,207375647868,181619498194,21651424584,163123200000,,,,,,,,,,,,,,,,,,,,,,,,,,,,,,,,,,,,,,,,
60,184531642132,184159477112,21902993707,165888000000,,,,,,,,,,,,,,,,,,,,,,,,,,,,,,,,,,,,,,,,
61,176613567061,187667864338,22246247366,168652800000,,,,,,,,,,,,,,,,,,,,,,,,,,,,,,,,,,,,,,,,
62,202268223129,190834109696,22465407470,171417600000,,,,,,,,,,,,,,,,,,,,,,,,,,,,,,,,,,,,,,,,
63,230264576916,193535120961,22682014617,174182400000,,,,,,,,,,,,,,,,,,,,,,,,,,,,,,,,,,,,,,,,
64,258792353104,196035538624,22892286538,176947200000,,,,,,,,,,,,,,,,,,,,,,,,,,,,,,,,,,,,,,,,
65,252919102449,200088623257,23330336933,179712000000,,,,,,,,,,,,,,,,,,,,,,,,,,,,,,,,,,,,,,,,
66,246391304343,203316452493,23528400808,182476800000,,,,,,,,,,,,,,,,,,,,,,,,,,,,,,,,,,,,,,,,
67,236056322917,205765712838,23813879124,185241600000,,,,,,,,,,,,,,,,,,,,,,,,,,,,,,,,,,,,,,,,
68,263514565995,208751026720,24122871611,188006400000,,,,,,,,,,,,,,,,,,,,,,,,,,,,,,,,,,,,,,,,
69,203798359386,211455127366,24431651498,190771200000,,,,,,,,,,,,,,,,,,,,,,,,,,,,,,,,,,,,,,,,
70,202723811586,214900880686,24859192363,193536000000,,,,,,,,,,,,,,,,,,,,,,,,,,,,,,,,,,,,,,,,
71,229028396770,217761386251,25027627798,196300800000,,,,,,,,,,,,,,,,,,,,,,,,,,,,,,,,,,,,,,,,
72,256284205468,220919985551,25313371022,199065600000,,,,,,,,,,,,,,,,,,,,,,,,,,,,,,,,,,,,,,,,
73,259108816147,223552168015,25603199306,201830400000,,,,,,,,,,,,,,,,,,,,,,,,,,,,,,,,,,,,,,,,
74,285627833965,227056004833,25911568985,204595200000,,,,,,,,,,,,,,,,,,,,,,,,,,,,,,,,,,,,,,,,
75,245435654719,230748596595,26275102078,207360000000,,,,,,,,,,,,,,,,,,,,,,,,,,,,,,,,,,,,,,,,
76,272075517939,234009644105,26576036727,210124800000,,,,,,,,,,,,,,,,,,,,,,,,,,,,,,,,,,,,,,,,
77,258511899201,236899536496,26731144520,212889600000,,,,,,,,,,,,,,,,,,,,,,,,,,,,,,,,,,,,,,,,
78,266308478513,240330976382,27009886431,215654400000,,,,,,,,,,,,,,,,,,,,,,,,,,,,,,,,,,,,,,,,
79,247994748409,243225431740,27231120997,218419200000,,,,,,,,,,,,,,,,,,,,,,,,,,,,,,,,,,,,,,,,
80,224076332532,246502163019,27542694028,221184000000,,,,,,,,,,,,,,,,,,,,,,,,,,,,,,,,,,,,,,,,
81,230554012315,249767260012,27771975541,223948800000,,,,,,,,,,,,,,,,,,,,,,,,,,,,,,,,,,,,,,,,
82,249399381672,252981666366,28047904316,226713600000,,,,,,,,,,,,,,,,,,,,,,,,,,,,,,,,,,,,,,,,
83,275524896896,256149636018,28271930260,229478400000,,,,,,,,,,,,,,,,,,,,,,,,,,,,,,,,,,,,,,,,
84,303494071236,259108374069,28651192351,232243200000,,,,,,,,,,,,,,,,,,,,,,,,,,,,,,,,,,,,,,,,
85,298312385600,262070999885,28906224289,235008000000,,,,,,,,,,,,,,,,,,,,,,,,,,,,,,,,,,,,,,,,
86,292609998313,264579549900,29103951474,237772800000,,,,,,,,,,,,,,,,,,,,,,,,,,,,,,,,,,,,,,,,
87,307127422920,267245954582,29271857057,240537600000,,,,,,,,,,,,,,,,,,,,,,,,,,,,,,,,,,,,,,,,
88,288658589801,270280861792,29636327077,243302400000,,,,,,,,,,,,,,,,,,,,,,,,,,,,,,,,,,,,,,,,
89,315275584937,273357063210,29860288965,246067200000,,,,,,,,,,,,,,,,,,,,,,,,,,,,,,,,,,,,,,,,
90,262340676507,276231712602,30050226437,248832000000,,,,,,,,,,,,,,,,,,,,,,,,,,,,,,,,,,,,,,,,
91,264067889479,279081692158,30408165302,251596800000,,,,,,,,,,,,,,,,,,,,,,,,,,,,,,,,,,,,,,,,
92,289739694830,280396473775,30525696699,254361600000,,,,,,,,,,,,,,,,,,,,,,,,,,,,,,,,,,,,,,,,
93,317550469205,281383220190,30543930353,257126400000,,,,,,,,,,,,,,,,,,,,,,,,,,,,,,,,,,,,,,,,
94,321407824478,282044643554,30594218346,259891200000,,,,,,,,,,,,,,,,,,,,,,,,,,,,,,,,,,,,,,,,
95,312648903004,282278298356,30607824323,262656000000,,,,,,,,,,,,,,,,,,,,,,,,,,,,,,,,,,,,,,,,
96,340070824258,282514349953,30630212022,265420800000,,,,,,,,,,,,,,,,,,,,,,,,,,,,,,,,,,,,,,,,
97,320152262899,282750839257,30688746926,268185600000,,,,,,,,,,,,,,,,,,,,,,,,,,,,,,,,,,,,,,,,
98,305480600521,282987050702,30659486440,270950400000,,,,,,,,,,,,,,,,,,,,,,,,,,,,,,,,,,,,,,,,
99,333390217749,283226104684,30685490802,273715200000,,,,,,,,,,,,,,,,,,,,,,,,,,,,,,,,,,,,,,,,
100,290342269732,283459451696,30668330244,276480000000,,,,,,,,,,,,,,,,,,,,,,,,,,,,,,,,,,,,,,,,
,,,,,,,,,,,,,,,,,,,,,,,,,,,,,,,,,,,,,,,,,,,,
,,,,,,,,,,,,,,,,,,,,,,,,,,,,,,,,,,,,,,,,,,,,
Puts only,,,,,,,,,,,,,,,,,,,,,,,,,,,,,,,,,,,,,,,,,,,,
,0.99,0.95,0.9,0.85,0.8,,,,,,,,,,,,,,,,,,,,,,,,,,,,,,,,,,,,,,,
Piwi Zipf,126.4,121.4,120.9,122.3,120.3,,,,,,,,,,,,,,,,,,,,,,,,,,,,,,,,,,,,,,,
Rocks Zipf,101.7,77.4,64.8,55.0,48.1,,,,,,,,,,,,,,,,,,,,,,,,,,,,,,,,,,,,,,,
Piwi Flurry,147.7,138.4,129.1,125.0,120.8,,,,,,,,,,,,,,,,,,,,,,,,,,,,,,,,,,,,,,,
Rocks Flurry,87.0,72.8,66.7,60.1,54.1,,,,,,,,,,,,,,,,,,,,,,,,,,,,,,,,,,,,,,,
,,,,,,,,,,,,,,,,,,,,,,,,,,,,,,,,,,,,,,,,,,,,
Workload C,,,,,,,,,,,,,,,,,,,,,,,,,,,,,,,,,,,,,,,,,,,,
,0.99,0.95,0.9,0.85,0.8,,,,,,,,,,,,,,,,,,,,,,,,,,,,,,,,,,,,,,,
Piwi Zipf,134.5,103.0,81.6,67.2,60.9,,,,,,,,,,,,,,,,,,,,,,,,,,,,,,,,,,,,,,,
Rocks Zipf,126.5,107.4,84.7,72.4,62.9,,,,,,,,,,,,,,,,,,,,,,,,,,,,,,,,,,,,,,,
Piwi Flurry,155.0,143.8,117.5,102.9,94.5,,,,,,,,,,,,,,,,,,,,,,,,,,,,,,,,,,,,,,,
Rocks Flurry,131.1,119.1,100.7,89.9,83.8,,,,,,,,,,,,,,,,,,,,,,,,,,,,,,,,,,,,,,,